{"cameraMode":{"drawMode":0,"name":"Shaded","section":"Shading Mode"},"sceneLighting":true,"audioPlay":false,"sceneViewState":{"m_AlwaysRefresh":false,"showFog":true,"showSkybox":true,"showFlares":true,"showImageEffects":true,"showParticleSystems":true,"showVisualEffectGraphs":true,"m_FxEnabled":true},"in2DMode":false,"pivot":{"x":-0.27274906635284426,"y":0.08647695183753967,"z":0.28378522396087649},"rotation":{"x":0.02993544563651085,"y":0.9503380060195923,"z":-0.09669633209705353,"w":0.2942843735218048},"size":0.10237523913383484,"orthographic":true}