{"cameraMode":{"drawMode":0,"name":"Shaded","section":"Shading Mode"},"sceneLighting":true,"audioPlay":false,"sceneViewState":{"m_AlwaysRefresh":false,"showFog":true,"showSkybox":true,"showFlares":true,"showImageEffects":true,"showParticleSystems":true,"showVisualEffectGraphs":true,"m_FxEnabled":true},"in2DMode":false,"pivot":{"x":-0.2679741382598877,"y":0.1504945456981659,"z":0.33734866976737978},"rotation":{"x":-0.0002452117041684687,"y":0.9236440062522888,"z":0.0005494120996445417,"w":0.3832353949546814},"size":0.20031976699829102,"orthographic":true}