{"cameraMode":{"drawMode":0,"name":"Shaded","section":"Shading Mode"},"sceneLighting":true,"audioPlay":false,"sceneViewState":{"m_AlwaysRefresh":false,"showFog":true,"showSkybox":true,"showFlares":true,"showImageEffects":true,"showParticleSystems":true,"showVisualEffectGraphs":true,"m_FxEnabled":true},"in2DMode":false,"pivot":{"x":-0.2619260847568512,"y":0.15557865798473359,"z":0.2977345287799835},"rotation":{"x":0.5025202631950378,"y":-0.3005255162715912,"z":0.19173738360404969,"w":0.7876392006874085},"size":0.09825095534324646,"orthographic":true}