{"cameraMode":{"drawMode":0,"name":"Shaded","section":"Shading Mode"},"sceneLighting":true,"audioPlay":false,"sceneViewState":{"m_AlwaysRefresh":false,"showFog":true,"showSkybox":true,"showFlares":true,"showImageEffects":true,"showParticleSystems":true,"showVisualEffectGraphs":true,"m_FxEnabled":true},"in2DMode":false,"pivot":{"x":-0.22653362154960633,"y":-0.0010567009449005128,"z":0.24284356832504273},"rotation":{"x":0.27098509669303896,"y":0.6531156897544861,"z":-0.6531178951263428,"w":0.2709900736808777},"size":0.16314859688282014,"orthographic":true}