{"cameraMode":{"drawMode":0,"name":"Shaded","section":"Shading Mode"},"sceneLighting":true,"audioPlay":false,"sceneViewState":{"m_AlwaysRefresh":false,"showFog":true,"showSkybox":true,"showFlares":true,"showImageEffects":true,"showParticleSystems":true,"showVisualEffectGraphs":true,"m_FxEnabled":true},"in2DMode":false,"pivot":{"x":-0.40665483474731448,"y":-0.0007536709308624268,"z":0.4924794137477875},"rotation":{"x":0.27098509669303896,"y":0.6531156897544861,"z":-0.6531178951263428,"w":0.2709900736808777},"size":0.08809580653905869,"orthographic":true}