{"cameraMode":{"drawMode":0,"name":"Shaded","section":"Shading Mode"},"sceneLighting":true,"audioPlay":false,"sceneViewState":{"m_AlwaysRefresh":false,"showFog":true,"showSkybox":true,"showFlares":true,"showImageEffects":true,"showParticleSystems":true,"showVisualEffectGraphs":true,"m_FxEnabled":true},"in2DMode":false,"pivot":{"x":-0.20627525448799134,"y":0.2778811752796173,"z":0.1110197901725769},"rotation":{"x":-0.0005616407725028694,"y":0.382956326007843,"z":0.0002157256385544315,"w":0.9237596988677979},"size":0.3151714503765106,"orthographic":true}