{"cameraMode":{"drawMode":0,"name":"Shaded","section":"Shading Mode"},"sceneLighting":true,"audioPlay":false,"sceneViewState":{"m_AlwaysRefresh":false,"showFog":true,"showSkybox":true,"showFlares":true,"showImageEffects":true,"showParticleSystems":true,"showVisualEffectGraphs":true,"m_FxEnabled":true},"in2DMode":false,"pivot":{"x":-0.13732999563217164,"y":0.25887688994407656,"z":0.21300604939460755},"rotation":{"x":-0.0005616407725028694,"y":0.382956326007843,"z":0.0002157256385544315,"w":0.9237596988677979},"size":0.3233593702316284,"orthographic":true}