{"cameraMode":{"drawMode":0,"name":"Shaded","section":"Shading Mode"},"sceneLighting":true,"audioPlay":false,"sceneViewState":{"m_AlwaysRefresh":false,"showFog":true,"showSkybox":true,"showFlares":true,"showImageEffects":true,"showParticleSystems":true,"showVisualEffectGraphs":true,"m_FxEnabled":true},"in2DMode":false,"pivot":{"x":-0.2813825011253357,"y":0.19615556299686433,"z":0.23832491040229798},"rotation":{"x":-0.006119702942669392,"y":0.3760112226009369,"z":0.0024750935845077039,"w":0.9265866875648499},"size":0.0860467329621315,"orthographic":true}